{
    "accuracy": 0.8505882352941176,
    "f1 score": 0.8199348767538178,
    "Precision": 0.8140038299550838,
    "Recall": 0.8505882352941176
}